service_description,total,unfilled,cancelled,unmet,unmet_rate
(0701) PCA HR KINGS,1559,7,23,30,0.01924310455420141
(0701) PCA HR NASSAU,754,10,3,13,0.017241379310344827
(0701) PCA HR NEW YORK,125,4,0,4,0.032
(0701) PCA HR QUEENS,390,8,1,9,0.023076923076923078
(0701) PCA HR RICHMOND,126,0,0,0,0.0
2 month recertification,1,0,0,0,0.0
2443 Skilled,18,18,0,18,1.0
2444 Skilled,2,2,0,2,1.0
2445,1,0,1,1,1.0
2445 Skilled,2,1,1,2,1.0
2593,52,0,10,10,0.19230769230769232
25930 HSK,76,0,3,3,0.039473684210526314
25940 Mutual HSK,32,0,0,0,0.0
2595,694,0,93,93,0.1340057636887608
2595 PCA Level 2,2134,2,228,230,0.1077788191190253
25950 Live In,719,2,40,42,0.0584144645340751
25950 PCA Hourly,6385,3,381,384,0.06014095536413469
2596,246,0,4,4,0.016260162601626018
25960 LI MUT/SHARED,122,0,4,4,0.03278688524590164
25960 Level 2 MUT/SHARED 1/4hr,2,0,0,0,0.0
25960 Mutual Hourly,286,0,64,64,0.22377622377622378
2596MU PCA Level 2,176,0,20,20,0.11363636363636363
26010 PCA Level 1,36,1,0,1,0.027777777777777776
2610,15530,0,1699,1699,0.1094011590470058
2622,77,0,17,17,0.22077922077922077
26220 PCA Level 2,414,1,19,20,0.04830917874396135
26260 PCA Level 2 HTS,62,0,0,0,0.0
2632,168,0,18,18,0.10714285714285714
2632 Live In,342,0,16,16,0.04678362573099415
2632 PCA Live In,2,0,0,0,0.0
27420- PCAII Nursing Supervision,7,0,0,0,0.0
27870 NURSING ASSESSMENT,4,0,0,0,0.0
27870 Nursing Reassessment,4,0,0,0,0.0
6 Month Recertification,5,0,0,0,0.0
6 month recertification,7,0,1,1,0.14285714285714285
9744 Brookly,252,0,21,21,0.08333333333333333
9744 Manhattan,124,0,0,0,0.0
9744 NHTD Waiver HCSS- Qns- Hrly,27,0,0,0,0.0
9744 NYC (Queens),124,0,0,0,0.0
9744 Queens,262,0,0,0,0.0
9744-KINGS,632,0,15,15,0.023734177215189875
9744-NYC,168,0,20,20,0.11904761904761904
9744-Queens,790,0,1,1,0.0012658227848101266
9744-Richmond,307,0,8,8,0.026058631921824105
9745,2613,0,182,182,0.06965174129353234
9879 NY,127,0,2,2,0.015748031496062992
99082-MEDICAL ESCORT,127,7,5,12,0.09448818897637795
99509 Personal Care,539,0,36,36,0.06679035250463822
A0100,334,324,10,334,1.0
A0130,351,323,28,351,1.0
ACT 150,260,0,46,46,0.17692307692307693
AFL level 1,14,0,0,0,0.0
AFL level 2,53,0,0,0,0.0
AFL level 3,158,0,7,7,0.04430379746835443
AFL level 4,150,0,28,28,0.18666666666666668
ALP RN Hourly,31,0,0,0,0.0
ALR HHA 12hr Hourly,270,0,15,15,0.05555555555555555
ALR HHA 9hr Hourly,80,0,6,6,0.075
ALR HHA Holiday 12hr Hourly,1,0,0,0,0.0
ALR HHA Holiday Hourly,38,0,8,8,0.21052631578947367
ALR HHA Hourly,1049,9,92,101,0.09628217349857007
ALR HHA Private Duty Transport,5,0,2,2,0.4
ALR LPN Hourly,156,0,17,17,0.10897435897435898
ALR Med HHA 12hr Holiday Hourly,2,0,0,0,0.0
ALR Med HHA 12hr Hourly,100,0,2,2,0.02
ALR Med HHA 9hr Hourly,3,0,0,0,0.0
ALR Med HHA Holiday Hourly,7,0,0,0,0.0
ALR Med HHA Hourly,363,0,38,38,0.1046831955922865
ALR RN Hourly,93,3,15,18,0.1935483870967742
APC,371,0,90,90,0.24258760107816713
AUT COMM MENTOR AG,35,0,5,5,0.14285714285714285
AUT JOB COACH AG,9,0,0,0,0.0
AUT LIFE SKILLS COACH AG,183,0,44,44,0.24043715846994534
Act 150 Blair,79,0,4,4,0.05063291139240506
Act 150 Pitt,238,0,58,58,0.24369747899159663
Acute OT Visit 150 mins,3,0,0,0,0.0
Acute PT Visit 150 mins,2,0,0,0,0.0
Adult Companion,403,0,90,90,0.22332506203473945
Advanced Personal Care,7,0,0,0,0.0
Aide Services,413,0,7,7,0.01694915254237288
Aide Supervision,130,0,8,8,0.06153846153846154
Aide Supervision (NB),189,0,18,18,0.09523809523809523
Alert Install,13,0,0,0,0.0
Alerts,588,0,24,24,0.04081632653061224
Assessment Sup Home Visit,32,0,16,16,0.5
Attendant,1,0,0,0,0.0
Attendant Care,851,2,100,102,0.11985898942420682
Attendant Care Services,165,0,3,3,0.01818181818181818
Attendant Care Task,9,0,2,2,0.2222222222222222
Authorized Nurse Visit,41,0,1,1,0.024390243902439025
BATH SERVICE,242,1,94,95,0.3925619834710744
Basic Homemaker,9,0,0,0,0.0
Basic Parental Provision,45,0,0,0,0.0
Basic Respite,63,0,0,0,0.0
Behavior Technician,695,1,23,24,0.034532374100719423
Bronx HCSS New,444,3,0,3,0.006756756756756757
Bronx NHTD,4991,52,202,254,0.05089160488879984
Bronx TBI,675,5,8,13,0.01925925925925926
Brooklyn NHTD,22891,196,675,871,0.038049888602507534
Brooklyn TBI,1230,18,10,28,0.022764227642276424
CAPC in Home Respite,18,0,0,0,0.0
CAPC  In-Home Aide,39,0,3,3,0.07692307692307693
CAPD Attendant Care,71,0,4,4,0.056338028169014086
CAPD In Home Respite,46,0,2,2,0.043478260869565216
CBT PVT,1,0,0,0,0.0
CC Parental Provision,161,0,0,0,0.0
CD NON BILLABLE INTIIAL VISIT,5,1,3,4,0.8
CD NON BILLABLE SN AIDE SUPERVISION,107,1,11,12,0.11214953271028037
CD NON BILLABLE SN INITIAL,280,8,128,136,0.4857142857142857
CD NON BILLABLE SN POST-HOSPITALIZATION,226,159,50,209,0.9247787610619469
CD NON BILLABLE SN PRN,3,0,0,0,0.0
CD NON BILLABLE SN RECERTIFICATION,1411,68,611,679,0.481218993621545
CD NON BILLABLE SN SCIC,116,48,17,65,0.5603448275862069
CD NON BILLABLE SN SCIC.,1,1,0,1,1.0
CD RN HOME AND CMTY SPRT SVCS INT HRLY BKLYN- 9799,1,0,0,0,0.0
CD RN HOME AND CMTY SPRT SVCS INT HRLY BX - 9799,3,0,2,2,0.6666666666666666
CD RN HOME AND CMTY SPRT SVCS INT HRLY MANH - 9799,5,0,2,2,0.4
CD RN HOME AND CMTY SPRT SVCS INT HRLY SI - 9799,5,0,3,3,0.6
CD RN HOME AND CMTY SPRT SVCS RCRT HRLY BKLYN-9799,10,0,3,3,0.3
CD RN HOME AND CMTY SPRT SVCS RCRT HRLY BX - 9799,4,0,1,1,0.25
CD RN HOME AND CMTY SPRT SVCS RCRT HRLY MANH- 9799,4,0,2,2,0.5
CD RN HOME AND CMTY SPRT SVCS RCRT HRLY QNS - 9799,8,0,3,3,0.375
CD RN HOME AND CMTY SPRT SVCS RCRT HRLY SI - 9799,2,0,0,0,0.0
CD SN INITIAL VISIT BILLABLE - T1030,15,0,3,3,0.2
CD SN INITIAL VISIT- T1030,4,0,0,0,0.0
CDPAP PMPM,11,11,0,11,1.0
CDS,2740,0,169,169,0.06167883211678832
CDSILW,2,0,0,0,0.0
CES Community Connector,17,0,1,1,0.058823529411764705
CES Enhanced Homemaker,2,0,0,0,0.0
CES Extraordinary Cleanin,28,0,0,0,0.0
CES Respite Daily,19,0,0,0,0.0
CES Respite Hourly,10,0,2,2,0.2
CFC Homemaker,396,0,2,2,0.005050505050505051
CFC Homemaker Legally Res,123,0,0,0,0.0
CFC IHSS Health Maintenan,124,0,0,0,0.0
CFC IHSS Homemaker,61,0,1,1,0.01639344262295082
CFC IHSS Personal Care,91,0,0,0,0.0
CFC LRP Homemaker,232,0,1,1,0.004310344827586207
CFC Personal Care,973,0,77,77,0.07913669064748201
CHW,28,0,25,25,0.8928571428571429
CHW PC,646,0,50,50,0.07739938080495357
CHW Unbillable,42,0,5,5,0.11904761904761904
CHW Unbillable TT,33,0,3,3,0.09090909090909091
CMH - NEW 2022 PTS,62,0,1,1,0.016129032258064516
CMHS Homemaker,17,0,0,0,0.0
CMHS Personal Care,7,0,0,0,0.0
CMO Assessment,135,0,30,30,0.2222222222222222
CMO HOLD,19,0,18,18,0.9473684210526315
CMO Re-Assessment,43,0,6,6,0.13953488372093023
COMP Private Pay,11,0,4,4,0.36363636363636365
COMPANION HOURLY 2024,22,0,8,8,0.36363636363636365
COPD Hourly,12,0,1,1,0.08333333333333333
COPD Training,3,0,1,1,0.3333333333333333
COPD Virtual Visit,2,0,0,0,0.0
COTA,437,4,158,162,0.3707093821510298
Cancelation,3,1,2,3,1.0
Cancellation Fee,1,0,1,1,1.0
Case Mgmt hourly,11,0,0,0,0.0
Certified Nurse Assistant,4,0,4,4,1.0
Certified Therap Rec Spec,590,1,28,29,0.04915254237288136
Chargeback,1,0,0,0,0.0
Chore HM,1,0,0,0,0.0
Chore Services,1,0,0,0,0.0
Clinical Case Manager,1607,165,267,432,0.268823895457374
Clinician Visit,135,0,11,11,0.08148148148148149
Clinician Visit (Billable),9,0,0,0,0.0
Clinician Visit (RN),10,0,2,2,0.2
Clinician Visit (Unbillable),15,0,1,1,0.06666666666666667
Cluster Care,1179,1,198,199,0.16878710771840544
Cmprhnsive Comty Sppt Svc,284,3,82,85,0.2992957746478873
Cognitive Behavioral PVT,66,0,0,0,0.0
Community ALT Program,95,4,8,12,0.12631578947368421
Community Alternatives Pr,354,0,3,3,0.00847457627118644
Community Connector,207,1,0,1,0.004830917874396135
Community Involvement Soc,27,0,7,7,0.25925925925925924
Community Support Program,44,0,0,0,0.0
Companion,252,0,59,59,0.23412698412698413
Companion Care,40,0,4,4,0.1
Companion Care NY,42,0,4,4,0.09523809523809523
Companion HM,1472,4,386,390,0.264945652173913
Companion PVT,64,0,1,1,0.015625
Companion Service,3683,70,327,397,0.10779256041270703
Companion Services,49,0,21,21,0.42857142857142855
Companionship,429,0,80,80,0.1864801864801865
Consumer Directed,835,0,0,0,0.0
Consumer Directed Service,17,0,17,17,1.0
Consumer Personal Care,129,0,2,2,0.015503875968992248
DC - HHA Hourly,438,1,133,134,0.3059360730593607
DC - Side-by-side Training,1,0,0,0,0.0
DC - Skills Discovery Visit,5,0,1,1,0.2
DMHHA,39,0,32,32,0.8205128205128205
DMHHI,320,0,54,54,0.16875
DMHISD,46,4,2,6,0.13043478260869565
DMHU1,326,0,138,138,0.4233128834355828
DORS,12,0,12,12,1.0
Daily1,35,0,0,0,0.0
Day Habilitation,17,0,0,0,0.0
Do not bill,3,1,0,1,0.3333333333333333
Doctor Visits,14,1,13,14,1.0
EBD Homemaker,3,0,1,1,0.3333333333333333
EBD Personal Care Service,1,0,0,0,0.0
Encounter 2,4,0,2,2,0.5
Encounter 3,3,0,1,1,0.3333333333333333
Encounter 4,1,0,0,0,0.0
Enhanced Homemaker,50,0,0,0,0.0
Enhanced Parental Prov,64,0,0,0,0.0
Escort - up to 4hrs,2,0,0,0,0.0
Escort 4hrs,251,0,29,29,0.11553784860557768
Escort 6hrs,21,0,7,7,0.3333333333333333
Escort G.H.S. 168th,12,0,10,10,0.8333333333333334
Escort Supplemental 168th,46,24,15,39,0.8478260869565217
Escort Supplemental 168th Holiday,2,2,0,2,1.0
Escort Supplemental Allen,14,4,1,5,0.35714285714285715
Ext Doctor Appointment,220,171,22,193,0.8772727272727273
Ext Work,51,37,4,41,0.803921568627451
Extraordinary Cleaning,71,0,2,2,0.028169014084507043
Face-to-Face,2,0,0,0,0.0
Family Care Partnership,86,1,18,19,0.22093023255813954
Field Supervisory Visit,19,0,0,0,0.0
G0156,4572,14,502,516,0.11286089238845144
G0156 HHA,94,1,22,23,0.24468085106382978
G0156 HHA Hourly,68,0,0,0,0.0
G0156 NYC SUBURBS/LONG ISLAND,9,0,9,9,1.0
G0156 PCA,627,0,71,71,0.11323763955342903
G0156 PCA Hourly,1295,1,159,160,0.12355212355212356
G0156 W,22,0,0,0,0.0
G0162,2,1,0,1,0.5
G0299-RN Initial,3,0,0,0,0.0
G0299-Reassessment,62,0,11,11,0.1774193548387097
G0529,9,0,2,2,0.2222222222222222
General,264,2,10,12,0.045454545454545456
General Health Eval,18,0,0,0,0.0
Group Day,41,0,1,1,0.024390243902439025
Group Respite Care Hourly,57,0,0,0,0.0
HABH,266,0,49,49,0.18421052631578946
HABV,224,1,61,62,0.2767857142857143
HABV--,17,0,14,14,0.8235294117647058
HAHMK,4,0,1,1,0.25
HARP T1019:U1,36,0,10,10,0.2777777777777778
HC,1670,1,133,134,0.08023952095808383
HC Hourly,25,0,2,2,0.08
HC2,12,0,9,9,0.75
HCSS,158,0,27,27,0.17088607594936708
HCSS 9744 Bronx,2425,2,317,319,0.13154639175257732
HCSS 9744 Brooklyn,52882,2,3390,3392,0.06414280851707575
HCSS 9744 Manhattan,1302,0,267,267,0.20506912442396313
HCSS 9744 Queens,4261,0,215,215,0.05045763905186576
HCSS 9744 Staten Island,1911,0,422,422,0.2208267922553637
HCSS 9745 LI Nassau Westchester Suffolk,20588,1,1652,1653,0.08028948902273168
HCSS 9745 Westchester,635,0,60,60,0.09448818897637795
HCSS 9795 LI Nassau Westchester Suffolk,52,0,49,49,0.9423076923076923
HCSS 9795 NYC,7,0,7,7,1.0
HCSS 9879,1467,0,101,101,0.06884798909338787
HCSS Hourly BX,1265,0,67,67,0.052964426877470355
HCSS Hourly Bronx NEW,186,0,0,0,0.0
HCSS Hourly K,4185,8,322,330,0.07885304659498207
HCSS Hourly MAN,371,0,5,5,0.013477088948787063
HCSS Hourly NAS,1925,2,252,254,0.13194805194805195
HCSS Hourly Q,1438,12,63,75,0.0521557719054242
HCSS Hourly SUF,1333,32,178,210,0.15753938484621155
HCSS NASSAU,3336,1,222,223,0.06684652278177458
HCSS Nursing Visit,15,1,0,1,0.06666666666666667
HCSS Putnam Hourly New,279,2,13,15,0.053763440860215055
HCSS SUFFOLK,716,0,48,48,0.0670391061452514
HCSS-ALL OTHER COUNTIES,1,0,1,1,1.0
HCSS-Bronx Hourly NEW,219,1,58,59,0.2694063926940639
HCSS-Duchess Hourly NEW,45,0,0,0,0.0
HCSS-Hourly Duchess NEW,519,0,3,3,0.005780346820809248
HCSS-Hourly NY/Manhattan NEW,191,0,77,77,0.4031413612565445
HCSS-Hourly Orange NEW,863,0,39,39,0.04519119351100811
HCSS-Hourly Putnam NEW,183,0,0,0,0.0
HCSS-Hourly Queens NEW,42,0,5,5,0.11904761904761904
HCSS-Hourly Rockland NEW,2839,1,150,151,0.05318774216273336
HCSS-Orange Hourly NEW,428,0,5,5,0.011682242990654205
HCSS-Rockland Hourly NEW,564,0,40,40,0.07092198581560284
HCSS-Ulster Hourly NEW,188,0,60,60,0.3191489361702128
HCSS-Westchester Hourly NEW,1930,0,51,51,0.026424870466321245
HCYAPC,49,0,7,7,0.14285714285714285
HCYPC,112,0,9,9,0.08035714285714286
HCYRNAPC,3,0,1,1,0.3333333333333333
HH Aide Show Time,11,0,0,0,0.0
HH11,3,0,1,1,0.3333333333333333
HHA,4096,483,304,787,0.192138671875
HHA - Hourly,6709,11,980,991,0.14771202861827396
HHA 25950,891,0,27,27,0.030303030303030304
HHA Cancellation Fee,19,0,19,19,1.0
HHA HOURLY,875,4,103,107,0.12228571428571429
HHA HOURLY - G0529,53,0,7,7,0.1320754716981132
HHA HOURLY - S5125,217,0,29,29,0.1336405529953917
HHA HOURLY - S5125:NY,2,0,0,0,0.0
HHA HOURLY 2024,1365,1,243,244,0.17875457875457876
HHA HOURLY 2024 (1),59,0,1,1,0.01694915254237288
HHA HOURLY HOLIDAY,33,0,4,4,0.12121212121212122
HHA HOURLY HOLIDAY 2024,43,0,10,10,0.23255813953488372
HHA HOURLY NASSAU,327,0,68,68,0.20795107033639143
HHA HOURLY NYC,313,0,12,12,0.038338658146964855
HHA HOURLY ORIENTATION,116,0,0,0,0.0
HHA HOURLY OT,9,0,0,0,0.0
HHA HOURLY OVERLAP,11,0,0,0,0.0
HHA HOURLY OVERTIME 2024,7,0,0,0,0.0
HHA HOURLY Overlapping,87,0,7,7,0.08045977011494253
HHA HOURLY-HOLIDAY,8,0,0,0,0.0
HHA HRLY,515,5,55,60,0.11650485436893204
HHA HRLY QUEENS,8,0,0,0,0.0
HHA Holiday,1,0,0,0,0.0
HHA Hourly,18214,156,2713,2869,0.1575161963324915
HHA Hourly - 11hrs,57,0,7,7,0.12280701754385964
HHA Hourly - 12hrs,77,0,21,21,0.2727272727272727
HHA Hourly - S5125,66,1,9,10,0.15151515151515152
HHA Hourly 4h or less,2,0,0,0,0.0
HHA Hourly > 4h,23,0,0,0,0.0
HHA Hourly HOL Over 40,1,0,0,0,0.0
HHA Hourly Holiday,27,0,0,0,0.0
HHA Hourly Holiday - 12hrs,2,0,0,0,0.0
HHA Hourly Holiday Overlap,4,0,0,0,0.0
HHA Hourly Med - 11hrs,59,0,7,7,0.11864406779661017
HHA Hourly Med - 12hrs,69,0,0,0,0.0
HHA Hourly Med Holiday - 12hrs,1,0,0,0,0.0
HHA Hourly Over 40,70,0,9,9,0.12857142857142856
HHA Hourly S5125,156,2,40,42,0.2692307692307692
HHA Hourly-BOROUGH'S,50,0,1,1,0.02
HHA Hourly-NYC,13,0,2,2,0.15384615384615385
HHA Hrly,2621,14,477,491,0.18733307897748952
HHA Hrly - Bronx,3894,1,629,630,0.1617873651771957
HHA Hrly - KINGS,6515,3,1530,1533,0.2353031465848043
HHA Hrly - NY,9885,2,2441,2443,0.2471421345472939
HHA Hrly - Nassau,521,0,171,171,0.32821497120921306
HHA Hrly - Queens,11253,1,2552,2553,0.22687283391095708
HHA Hrly - Richmond,4104,1,810,811,0.19761208576998052
HHA Hrly - Suffolk,9,0,0,0,0.0
HHA Hrly-Westchester,682,0,217,217,0.3181818181818182
HHA LI,68,2,0,2,0.029411764705882353
HHA LI Special Rate(E.H.),45,0,0,0,0.0
HHA LIVE IN,4,0,3,3,0.75
HHA LIVE IN - S5126,12,0,8,8,0.6666666666666666
HHA LIVE IN 2024,87,0,0,0,0.0
HHA LIVE IN HOLIDAY 2024,5,0,0,0,0.0
HHA LIVE IN NASSAU,62,0,0,0,0.0
HHA LIVE-IN,186,0,5,5,0.026881720430107527
HHA LIVE-IN HOLIDAY,6,0,0,0,0.0
HHA Live IN - S5126,62,0,0,0,0.0
HHA Live In,248,3,0,3,0.012096774193548387
HHA Live In (LI),62,0,0,0,0.0
HHA Live-IN,117,1,23,24,0.20512820512820512
HHA Live-In OT,1,0,0,0,0.0
HHA Live-in,46,0,12,12,0.2608695652173913
HHA Live-in OT,7,0,0,0,0.0
HHA Live-in Westchester,148,0,56,56,0.3783783783783784
HHA Live-in weekend,34,0,0,0,0.0
HHA Mutual,248,18,0,18,0.07258064516129033
HHA Mutual Hourly,12,0,0,0,0.0
HHA NASSAU,32,0,1,1,0.03125
HHA NON BILLABLE HOURLY PAYROLL ADJUSTMENT,5,0,0,0,0.0
HHA NSW Hrly,268,0,32,32,0.11940298507462686
HHA NYC,29,0,11,11,0.3793103448275862
HHA Nassau - Hourly,3,0,1,1,0.3333333333333333
HHA Non Billable,9,0,1,1,0.1111111111111111
HHA RESPITE NASSAU,7,0,0,0,0.0
HHA Unbillable,1685,5,201,206,0.12225519287833828
HHA Weekday,579,0,143,143,0.2469775474956822
HHA Weekend,246,0,61,61,0.24796747967479674
HHA Westchester,248,0,0,0,0.0
HHA-HOURLY,97,0,6,6,0.061855670103092786
HHA-HR-Non MCD,61,0,19,19,0.3114754098360656
HHA1,28387,168,7705,7873,0.27734526367703527
HHAH,9,0,1,1,0.1111111111111111
HHAHOUR,1034,138,36,174,0.16827852998065765
HHAHRPED,2143,16,94,110,0.05132991133924405
HHAMED,4,0,4,4,1.0
HHAPEDSV,116858,773,10224,10997,0.09410566670660117
HHAPLUS,1,0,1,1,1.0
HHC-Level 2 Personal Care Services,12559,32,443,475,0.037821482602118005
HHC-Personal Care Aide-Live-In,335,0,1,1,0.0029850746268656717
HHD,62,0,0,0,0.0
HHH,823,2,89,91,0.11057108140947752
HHH - NEW 2022 PTS,62,0,0,0,0.0
HKH,1749,0,418,418,0.2389937106918239
HKH - LEVEL 1,55,0,11,11,0.2
HM HOURLY,609,2,92,94,0.15435139573070608
HMH,10108,6,1711,1717,0.16986545310645035
HMH-Level 2,60,0,17,17,0.2833333333333333
HMK,3436,0,497,497,0.14464493597206055
HMK DFTA Contribution BRONX,4,0,4,4,1.0
HMK Holiday,2,0,0,0,0.0
HMK Private Pay,290,0,70,70,0.2413793103448276
HMK Respite,9,0,0,0,0.0
HMK Unbillable,12,0,0,0,0.0
HOME HEALTH AIDE,123,0,34,34,0.2764227642276423
HOME MAKER,1,0,0,0,0.0
HRA 180 Day Assessment (NB),28,0,3,3,0.10714285714285714
HRA AIDE Supervision (NB),4,0,0,0,0.0
HRA Initial Assessment (NB),16,0,1,1,0.0625
HRA Initial(NB),2,0,0,0,0.0
HRA Reassessment(NB),23,0,1,1,0.043478260869565216
HRA Supervision (NB),53,0,16,16,0.3018867924528302
HRA Supervision(NB),15,0,1,1,0.06666666666666667
HSK,37,0,0,0,0.0
HSK Hrly,10,0,1,1,0.1
Hands On Care,795,0,189,189,0.23773584905660378
Hands On Care Holiday,7,0,0,0,0.0
Health Coach Hourly,30,0,6,6,0.2
Health Maintenance,196,0,4,4,0.02040816326530612
Health Maintenance 1,89,0,12,12,0.1348314606741573
Health Maintenance 2,28,0,2,2,0.07142857142857142
Health Maintenance 3,56,0,4,4,0.07142857142857142
Health Maintenance Activi,588,0,22,22,0.03741496598639456
Healthy Children Youth,42,0,0,0,0.0
Heavy Chore HM,4,0,0,0,0.0
Holiday HHA Hourly,430,0,1,1,0.002325581395348837
Holiday HHA Live-in,2,0,0,0,0.0
Holiday HHA Weekday,27,0,7,7,0.25925925925925924
Holiday HHA Weekend,8,0,1,1,0.125
Holiday Mutual Hourly,6,0,0,0,0.0
Holiday RN Visit,1,0,0,0,0.0
Home Attendant,148,0,23,23,0.1554054054054054
Home Health Aid,302,1,74,75,0.24834437086092714
Home Health Aide,923,37,166,203,0.2199349945828819
Home Health Aide (HHA),67,6,21,27,0.40298507462686567
Home Health Aide (HHA) S5125,31,2,10,12,0.3870967741935484
Home Health Aide HHA,5197,42,1463,1505,0.28959014816240136
Home Maker,38,0,1,1,0.02631578947368421
Home Services,17,2,1,3,0.17647058823529413
Home Support,166,0,28,28,0.1686746987951807
HomeCare Private,421,0,49,49,0.1163895486935867
Homemaker,26117,91,3342,3433,0.13144695026228126
Homemaker 1,186,0,10,10,0.053763440860215055
Homemaker Basic,20,0,0,0,0.0
Homemaker Care,17,0,2,2,0.11764705882352941
Homemaker EBD,50,0,0,0,0.0
Homemaker HM,7597,88,2146,2234,0.29406344609714363
Homemaker Services,2676,19,256,275,0.10276532137518685
Homemaker2,48,0,1,1,0.020833333333333332
Homemaking,312,14,35,49,0.15705128205128205
Homemaking Chores,1,0,0,0,0.0
Homemaking DFTA Contribution,9488,202,1037,1239,0.13058600337268128
Homemaking DFTA Fee,1810,49,265,314,0.1734806629834254
Homemaking Visit 1,176,0,2,2,0.011363636363636364
Homemaking Visit 2,34,0,1,1,0.029411764705882353
Hospital stay,10,0,10,10,1.0
Hourly PCA,65,1,3,4,0.06153846153846154
Housekeeping,2789,1,480,481,0.17246324847615632
Housekeeping DFTA Contribution,1646,48,333,381,0.23147023086269744
Housekeeping DFTA Fee,729,14,191,205,0.2812071330589849
Housekeeping Mutual DFTA Contribution,2,0,2,2,1.0
ICIndependent Assessment,1,0,0,0,0.0
IHSS HM,281,0,37,37,0.13167259786476868
IHSS HMA,197,0,1,1,0.005076142131979695
IHSS HMA Visit 1,32,0,0,0,0.0
IHSS HMA Visit 2,6,0,0,0,0.0
IHSS HMA Visit 3,6,0,0,0,0.0
IHSS Health Maintenance,3,0,0,0,0.0
IHSS Homemaker,1,0,1,1,1.0
IHSS PCP,239,0,4,4,0.016736401673640166
IHSS RPC,64,0,0,0,0.0
INIA(NB),34,0,6,6,0.17647058823529413
ISCH H,8,3,5,8,1.0
ISCH level G,351,0,87,87,0.24786324786324787
In Home Aide,89,1,6,7,0.07865168539325842
In Home Aide Services,19,0,3,3,0.15789473684210525
In Home Respite,201,0,11,11,0.05472636815920398
In Home Respite Daily,1,0,0,0,0.0
In Home Services,493,0,23,23,0.04665314401622718
In Home and Community Sup,102,0,29,29,0.28431372549019607
In Service,122,0,6,6,0.04918032786885246
InHome Comm and Sup U4,9,0,0,0,0.0
Incident Report/PRN (NB),5,0,0,0,0.0
Independent Living PVT,255,0,10,10,0.0392156862745098
Independent Living Skill,7782,0,507,507,0.06515034695451041
Independent Living Waiver,25,0,0,0,0.0
Inital Aide Supervision,1,0,0,0,0.0
Initial (NB),32,0,6,6,0.1875
Initial Assessment,6,5,0,5,0.8333333333333334
Initial Assessment (NB),7,0,1,1,0.14285714285714285
Initial RN Visit 9799 (Hourly),1,0,1,1,1.0
Initial Unbillable,2,0,0,0,0.0
Initial(NB),1,0,0,0,0.0
Inservice,49,0,0,0,0.0
JIHS,32,0,6,6,0.1875
JPCHC,1400,1,33,34,0.024285714285714285
Jewish Fam Serv Detroit,36,0,1,1,0.027777777777777776
Jewish Fam Serv St Louis,29,0,13,13,0.4482758620689655
KINGS HCSS,6,0,6,6,1.0
Kings HCSS New,2717,0,13,13,0.004784688995215311
LIGHT CHORE,2,0,0,0,0.0
LIVE IN Full Night Overti,6,0,0,0,0.0
LIVE IN Full Night Reg,1,0,0,0,0.0
LIVE IN Holiday Per Day,42,0,6,6,0.14285714285714285
LIVE IN Night Overtime Oc,64,0,2,2,0.03125
LIVE IN Night Regular Occ,34,0,2,2,0.058823529411764705
LIVE IN Per Day,1171,0,130,130,0.11101622544833475
LIVE IN ProRated,67,0,14,14,0.208955223880597
LPN,2,0,1,1,0.5
LPN - Aide Supervision (NB),293,0,2,2,0.006825938566552901
LPN Hourly,334,1,85,86,0.25748502994011974
LPN Hourly Non-Billable,1,0,0,0,0.0
LPN Hourly Pediatric,36,0,2,2,0.05555555555555555
LPN Hourly-1,24,0,8,8,0.3333333333333333
LPN S9124,95,5,8,13,0.1368421052631579
LPN Services,8,0,0,0,0.0
LPN Visit,16,0,8,8,0.5
LPN Visit SPOC,961,0,0,0,0.0
LPN-High Tech,340,2,96,98,0.28823529411764703
LPS LPN Aide Supervisory Visit,2,2,0,2,1.0
Lic Master of Social Work,124,6,15,21,0.1693548387096774
Licensed Practical Nurse,136,0,8,8,0.058823529411764705
Lim Lic Bachelor of Soc W,22,0,0,0,0.0
Limited Licensed MSW,36,36,0,36,1.0
Limited Licensed Psych,253,0,7,7,0.02766798418972332
Live In,707,0,96,96,0.13578500707213578
Live In Couple 2,57,0,6,6,0.10526315789473684
Live In Couple 2 Holiday,1,0,1,1,1.0
Live In Couple 2 ProRated,1,0,0,0,0.0
Live In Couple Discounted,126,0,0,0,0.0
Live In Private,103,0,11,11,0.10679611650485436
Live In Support Services,131,0,0,0,0.0
Live in PCA 1,142,0,0,0,0.0
Live-In,62,0,0,0,0.0
Live-in T1020,62,0,0,0,0.0
LiveIn Coup2 HolProRated,2,0,1,1,0.5
Long Island,4,0,0,0,0.0
LongIsland,518,16,152,168,0.32432432432432434
MAP PCA - T1019:U1/U1TV,1409,0,7,7,0.0049680624556423
MAP PCA Mutual-T1019:U2/U2TV,142,0,0,0,0.0
MAP Personal Care Services,271,0,2,2,0.007380073800738007
MAP T1019:U1,112,0,0,0,0.0
MAP pca others T1019:U1,2096,12,405,417,0.1989503816793893
MD of Psychiatry,71,0,0,0,0.0
MEDIUM CHORE,1,0,0,0,0.0
MLTC Readmission/Resumption,50,0,7,7,0.14
MLTC Recert,830,0,110,110,0.13253012048192772
MLTC Start of Care,157,0,25,25,0.1592356687898089
MLTC Start of Care (UNBILLABLE),2,0,0,0,0.0
MSW EVAL NON BILLABLE,33,0,7,7,0.21212121212121213
Manhattan NHTD,4984,26,92,118,0.023675762439807384
Manhattan TBI,830,14,9,23,0.027710843373493974
Med Instal,4,0,3,3,0.75
Med Pour,3,0,0,0,0.0
Med Reminders,116,0,22,22,0.1896551724137931
Medicaid PCS,398,0,7,7,0.017587939698492462
Medication Pre-pour,3,0,0,0,0.0
Meet and Greet,1,0,0,0,0.0
Mentorship,33,0,2,2,0.06060606060606061
Mileage,59,0,0,0,0.0
Monthly Fixed Rate,1,0,0,0,0.0
Mutual Hourly,257,0,73,73,0.2840466926070039
Mutual L- other NYS,1,0,1,1,1.0
NO PAY,1,0,0,0,0.0
NON BILLABLE,3,0,0,0,0.0
NON BILLABLE SN POST-HOSPITALIZATION,1,1,0,1,1.0
NON BILLABLE SN RECERTIFICATION,8,1,1,2,0.25
NON-BILLABLE LPN Hourly,24,0,9,9,0.375
NON-BILLABLE PCA HOURLY,3,0,0,0,0.0
NON-BILLABLE PCA Hourly,1,0,0,0,0.0
NON-BILLABLE RN ASSESSMENT,18,0,0,0,0.0
NON-BILLABLE TIMESHEET,1,0,0,0,0.0
NORC Health Coach,109,0,8,8,0.07339449541284404
NORC RN Hourly,482,0,58,58,0.12033195020746888
NORC RN Supervision,3,0,1,1,0.3333333333333333
NYC Rate,3,0,0,0,0.0
NYCA Post Hospitalization (LPN),1,0,0,0,0.0
NYCA Recertification,115,0,24,24,0.20869565217391303
NYCA Recertification (LPN),163,0,32,32,0.19631901840490798
NYCA Start of Care,71,0,20,20,0.28169014084507044
NYEE 3hr Escort,2,0,0,0,0.0
NYP - Hospital to Home Escort Service,3,0,2,2,0.6666666666666666
NYP Enhanced Observation Program,7,0,0,0,0.0
New Hire Orientation TRA,5,0,0,0,0.0
New York HCSS New,202,0,0,0,0.0
Non Billable,92,0,0,0,0.0
Non Billable HHA,5,0,0,0,0.0
Non Billable PCA HRLY,20,0,1,1,0.05
Non Billable Service,1550,0,101,101,0.06516129032258064
Non billable,68,5,2,7,0.10294117647058823
Non billable Hourly,254,0,5,5,0.01968503937007874
Non-Billable,129,0,5,5,0.03875968992248062
Non-Billable Bestcare Linked,141,2,10,12,0.0851063829787234
Non-Billable HHA Bestcare Linked,31,0,24,24,0.7741935483870968
Non-Billable HMK Hourly,1,0,1,1,1.0
Non-Billable Hourly - Per TERMS,1,0,0,0,0.0
Non-Billable Hourly PCA – Per TERMS,2,0,0,0,0.0
Non-Billable Hourly – Per TERMS,82,0,0,0,0.0
Non-Billable LI,26,1,4,5,0.19230769230769232
Non-Billable PCA Hourly,1,0,0,0,0.0
Non-Billable PCA Hourly – Per TERMS,27,0,1,1,0.037037037037037035
Non-billable,90,0,0,0,0.0
NonBillable PCA HRLY,21,0,0,0,0.0
NonBillable RN VISIT,18,0,0,0,0.0
Nurse Assesment,10,0,0,0,0.0
Nurse Assessment,10,0,0,0,0.0
Nurse Hourly,74,0,18,18,0.24324324324324326
Nurse Visit,113,65,14,79,0.6991150442477876
Nursing Assesment,4,0,0,0,0.0
Nursing Assesment G,1,0,0,0,0.0
Nursing Assessment,3,0,0,0,0.0
Nursing Assistant,4,0,0,0,0.0
Nursing Care,1,0,0,0,0.0
Nursing Home Transition,677,0,53,53,0.07828655834564253
Nursing Inital,8,5,1,6,0.75
Nursing Inital NonBillable,3,0,0,0,0.0
Nursing Reassessment,1,0,0,0,0.0
Nursing Reassessment NonBillable,1,1,0,1,1.0
Nursing Supervision,4,0,0,0,0.0
Nursing visit inital,3,1,0,1,0.3333333333333333
OUTER COUNTY HHA HOURLY 2024,163,1,68,69,0.4233128834355828
OUTER COUNTY HHA HOURLY HOLIDAY 2024,1,0,1,1,1.0
OUTER COUNTY HHA MUTUAL HOURLY 2024,30,0,10,10,0.3333333333333333
OUTER COUNTY/SI HHA HOLIDAY LIVE IN,3,0,0,0,0.0
OUTER COUNTY/SI HHA HOURLY,269,0,11,11,0.040892193308550186
OUTER COUNTY/SI HHA HOURLY HOLIDAY,10,0,0,0,0.0
OUTER COUNTY/SI HHA LIVE IN,59,0,0,0,0.0
OUTING,34,32,0,32,0.9411764705882353
Occupational Therapist,382,0,146,146,0.38219895287958117
Occupational Therapy,477,11,26,37,0.07756813417190776
Occupational Therapy HHA,22,0,1,1,0.045454545454545456
Office Staff,10,2,5,7,0.7
Office Staff Clock In and,453,0,28,28,0.06181015452538632
Other,245,0,36,36,0.1469387755102041
Other Spc Case Mgmt,5,0,0,0,0.0
Overtime HHA Hourly,393,0,2,2,0.005089058524173028
Overtime HHA Live-in,8,0,0,0,0.0
P107,3,3,0,3,1.0
PA DDD,117,0,7,7,0.05982905982905983
PA Units (T1019:TT),4,0,0,0,0.0
PAAO,373,0,30,30,0.08042895442359249
PAC,64,0,1,1,0.015625
PC,4944,76,694,770,0.15574433656957928
PC Respite Services,1093,18,136,154,0.14089661482159194
PC Respite Svcs Per Diem,47,2,8,10,0.2127659574468085
PCA,25850,267,1742,2009,0.07771760154738878
PCA $36,417,1,150,151,0.36211031175059955
PCA - Live In,804,0,103,103,0.1281094527363184
PCA - Live In TV,283,0,33,33,0.1166077738515901
PCA - T1019:U1,12113,9,60,69,0.005696359283414513
PCA - T1019:U1/U1TV,8421,0,16,16,0.0019000118750742193
PCA - T1019:U2- NSW,1,1,0,1,1.0
PCA 25,162,0,14,14,0.08641975308641975
PCA 25930,9,0,1,1,0.1111111111111111
PCA 25950,2777,2,97,99,0.035649981994958585
PCA 28.50,13,0,0,0,0.0
PCA Basic – 15 Minutes,627,9,169,178,0.2838915470494418
PCA Cluster Care,4836,11,662,673,0.1391645988420182
PCA Daily Nass Suff,5,0,5,5,1.0
PCA HOURLY,43529,100,1215,1315,0.030209745227319718
PCA HOURLY - T1019,1,0,1,1,1.0
PCA HOURLY - T1019:U1,21757,16,2198,2214,0.10176035298984235
PCA HOURLY - T1019:U1 (NY),1,0,1,1,1.0
PCA HOURLY - T1019:U1:NY,8,0,8,8,1.0
PCA HOURLY BKLYN - 9744,3556,0,145,145,0.04077615298087739
PCA HOURLY BX - 9744,959,0,44,44,0.045881126173096975
PCA HOURLY HOL,2,0,0,0,0.0
PCA HOURLY HOL NEW,14,0,3,3,0.21428571428571427
PCA HOURLY HTS,356,0,14,14,0.03932584269662921
PCA HOURLY LI,533,2,79,81,0.15196998123827393
PCA HOURLY MANH - 9744,2029,0,57,57,0.028092656481025137
PCA HOURLY MUTUAL - T1019:U2,216,0,7,7,0.032407407407407406
PCA HOURLY MUTUAL WKND/HDAY - T1019:U2:TV,126,0,4,4,0.031746031746031744
PCA HOURLY MUTUAL/OVERLAP - T1019:U2,26,0,8,8,0.3076923076923077
PCA HOURLY NASSAU,840,3,95,98,0.11666666666666667
PCA HOURLY NEW,246,1,61,62,0.25203252032520324
PCA HOURLY NSW,267,0,2,2,0.00749063670411985
PCA HOURLY NYC,3951,29,226,255,0.06454062262718299
PCA HOURLY ORIENTATION,221,0,0,0,0.0
PCA HOURLY OT,18,0,0,0,0.0
PCA HOURLY OUTER COUNTIES - T1019:U4,6,0,6,6,1.0
PCA HOURLY OUTER COUNTY - T1019:U1,1046,0,74,74,0.07074569789674952
PCA HOURLY QNS - 9744,1857,1,54,55,0.029617662897145933
PCA HOURLY SI - 9744,515,0,128,128,0.24854368932038834
PCA HOURLY SUFFOLK,96,0,21,21,0.21875
PCA HOURLY WEEKEND,26,0,2,2,0.07692307692307693
PCA HOURLY WKND/HDAY - T1019:U1:TV,2638,2,272,274,0.10386656557998483
PCA HRLY,608,4,161,165,0.2713815789473684
PCA HRLY NASSAU,3189,5,399,404,0.12668548134211352
PCA HRLY NYC,872,0,139,139,0.15940366972477063
PCA HRLY QUEENS,346,0,100,100,0.28901734104046245
PCA HRLY SUFFOLK,2565,1,355,356,0.13879142300194933
PCA HTS,5,0,3,3,0.6
PCA Hourly,105786,686,12640,13326,0.1259713005501673
PCA Hourly (T1019),14,0,13,13,0.9285714285714286
PCA Hourly - LI Westchester,1214,1,85,86,0.07084019769357495
PCA Hourly - Mutual NYC,369,0,115,115,0.3116531165311653
PCA Hourly 2,14,0,13,13,0.9285714285714286
PCA Hourly AHolmes,30,0,26,26,0.8666666666666667
PCA Hourly Housekeeping,22,0,8,8,0.36363636363636365
PCA Hourly LI & Westchester,2541,1,292,293,0.11530893349075168
PCA Hourly MAP,61,0,26,26,0.4262295081967213
PCA Hourly MAP UPSTATE,18,0,3,3,0.16666666666666666
PCA Hourly MLTC,53,0,0,0,0.0
PCA Hourly Mutual,234,0,15,15,0.0641025641025641
PCA Hourly Mutual - LI Westchester,33,0,8,8,0.24242424242424243
PCA Hourly NYC,10084,2,1002,1004,0.09956366521221738
PCA Hourly Non Billable,134,0,2,2,0.014925373134328358
PCA Hourly Nonbillable,8,0,3,3,0.375
PCA Hourly SGarner,8,0,1,1,0.125
PCA Hourly TV,7485,7,1163,1170,0.156312625250501
PCA Hourly Weekday,379,4,109,113,0.29815303430079154
PCA Hourly Weekend/Holiday,24,0,2,2,0.08333333333333333
PCA Hourly shared,124,0,0,0,0.0
PCA Hourly-T1019:U1,128,0,2,2,0.015625
PCA Hourly/MAP-T1019:U1,159,8,0,8,0.050314465408805034
PCA Hourly/T1019:TU,1,0,1,1,1.0
PCA Hourly/T1019:U1,4374,5,104,109,0.024919981710105166
PCA Hrly,26,0,4,4,0.15384615384615385
PCA Hrly T1019:U1,84,0,3,3,0.03571428571428571
PCA Hrly- T1019:U1- NSW,1364,3,164,167,0.12243401759530792
PCA Hrly- T1019:U1- NYC,4493,0,189,189,0.0420654351212998
PCA L2 Hourly,397,0,27,27,0.06801007556675064
PCA LIV-IN,12,0,0,0,0.0
PCA LIVE IN,152,2,1,3,0.019736842105263157
PCA LIVE IN - T1020,1393,2,165,167,0.1198851399856425
PCA LIVE IN LI,125,0,1,1,0.008
PCA LIVE IN NYC,35,0,0,0,0.0
PCA LIVE IN OUTER COUNTY - T1020,1,0,0,0,0.0
PCA LIVE IN WKND/HDAY - T1020:TV,17,0,0,0,0.0
PCA LIVE IN WKND/HDAY- T1020:TV,119,0,0,0,0.0
PCA LIVE-IN T1020,158,3,0,3,0.0189873417721519
PCA LIVE-NASSAU,62,0,0,0,0.0
PCA Level 1,77,1,15,16,0.2077922077922078
PCA Level 2,2472,0,235,235,0.09506472491909385
PCA Level 2 (Personal Care),85,0,2,2,0.023529411764705882
PCA Live In,968,0,108,108,0.1115702479338843
PCA Live In (LI),436,42,0,42,0.0963302752293578
PCA Live In - LI Westchester,350,0,87,87,0.24857142857142858
PCA Live-In,392,0,24,24,0.061224489795918366
PCA Live-In NYC,177,0,0,0,0.0
PCA Live-In T1020- NYC,186,0,0,0,0.0
PCA Live-in,190,1,3,4,0.021052631578947368
PCA Live-in/T1020,268,0,2,2,0.007462686567164179
PCA MAP Hourly weekend/holiday/T1019:U1:TV,17,0,0,0,0.0
PCA MAP T1019-U1,342,0,5,5,0.014619883040935672
PCA MUTUAL,108,0,0,0,0.0
PCA Mutual,13,5,3,8,0.6153846153846154
PCA Mutual - T1019:U2/U2TV,90,0,0,0,0.0
PCA NASSAU,1018,0,91,91,0.0893909626719057
PCA NASSAU HOURLY,728,0,1,1,0.0013736263736263737
PCA NASSAU MAP,23,0,1,1,0.043478260869565216
PCA NO Bill Hrly,72,0,3,3,0.041666666666666664
PCA NON BILLABLE HOURLY ADJUSTMENT,180,1,2,3,0.016666666666666666
PCA NON BILLABLE LIVE IN OVERLAP,1,0,0,0,0.0
PCA NON BILLABLE LIVE IN PAYROLL ADJUSTMENT,3,0,0,0,0.0
PCA NSW,180,0,30,30,0.16666666666666666
PCA NYC,298,0,21,21,0.07046979865771812
PCA No Bill LI,2,0,1,1,0.5
PCA Non Billable,3,0,1,1,0.3333333333333333
PCA Non Billable Hourly,19,0,0,0,0.0
PCA Non-Billable Hourly – Per TERMS,6,0,0,0,0.0
PCA Non-Payable,1,0,0,0,0.0
PCA Overnight Hourly,63,0,38,38,0.6031746031746031
PCA Per Diem,427,0,12,12,0.02810304449648712
PCA Per Diem ProRated,5,0,0,0,0.0
PCA Per Diem not Complete,50,0,0,0,0.0
PCA RESPITE NYC,4,0,0,0,0.0
PCA RESPITE SUFFOLK,17,0,2,2,0.11764705882352941
PCA Respite,37,0,7,7,0.1891891891891892
PCA Respite Per Diem NC,3,0,1,1,0.3333333333333333
PCA SUFFOLK,411,0,35,35,0.0851581508515815
PCA T1019 TV,9,3,0,3,0.3333333333333333
PCA T1019 U1,1187,2,1,3,0.002527379949452401
PCA UNBILLABLE,1,0,1,1,1.0
PCA Unbillable,181,0,12,12,0.06629834254143646
PCA Unit (T1019:U1),12607,37,809,846,0.06710557626715317
PCA Unit (T1019:U1) State,51,0,1,1,0.0196078431372549
PCA Unit (T1020),118,0,0,0,0.0
PCA VA,37,0,18,18,0.4864864864864865
PCA WEEKDAY,89,25,5,30,0.33707865168539325
PCA Westchester,62,0,0,0,0.0
PCA hourly weekend/holiday/T1019:U1:TV,472,0,1,1,0.00211864406779661
PCA level 1 live in MAP/T1020,62,0,0,0,0.0
PCA- T1019:U1,26390,30,93,123,0.004660856384994316
PCA-HOURLY,16,0,4,4,0.25
PCA-Hourly HCSS/9744 Kings,423,0,0,0,0.0
PCA-Hourly HCSS/9744 Queens,1930,0,6,6,0.0031088082901554403
PCA/HHA,2430,6,45,51,0.020987654320987655
PCA1 Admin,62,0,0,0,0.0
PCA30,30,0,16,16,0.5333333333333333
PCAIIQ,1775,1,255,256,0.14422535211267606
PCAIIQ SO,8,0,0,0,0.0
PCAIIQ XTRA,17,0,1,1,0.058823529411764705
PCAIQ,1,0,1,1,1.0
PCALI NB,4,0,0,0,0.0
PCARate0,13,0,0,0,0.0
PCASHRIIQ,58,0,2,2,0.034482758620689655
PCCLS,1733,37,19,56,0.03231390652048471
PCD,84,0,31,31,0.36904761904761907
PCD - NEW 2022 PTS,291,0,28,28,0.09621993127147767
PCH,2851,1,296,297,0.10417397404419503
PCH - NEW 2022 PTS,9,0,6,6,0.6666666666666666
PCP,397,1,47,48,0.12090680100755667
PCS,181,14,10,24,0.13259668508287292
PCS Adults,28,0,1,1,0.03571428571428571
PCS LEVEL I HOMEMAKER,28,0,18,18,0.6428571428571429
PCS LEVEL II HOURLY,9967,8,669,677,0.06792414969399017
PCS LEVEL II HOURLY NA/SU/WE,54,0,0,0,0.0
PCS LEVEL II HOURLY NASSAU,45,0,0,0,0.0
PCS LEVEL II LIVE-IN,602,0,69,69,0.11461794019933555
PCS LEVEL II LIVE-IN MUTUAL MLTC,1,0,1,1,1.0
PCS Level II T1019U1 MAP,210,4,53,57,0.2714285714285714
PCS Level II T1019U1 MLTC,507,20,186,206,0.40631163708086787
PCW HOURLY,10860,1,86,87,0.008011049723756906
PCW Hourly Nass/Suf/West T1019:U1,454,0,14,14,0.030837004405286344
PCW Hourly T1019:U1,245,0,15,15,0.061224489795918366
PCW Hourly/T1019,11,0,11,11,1.0
PCW Hourly/T1019:U1,8470,25,128,153,0.01806375442739079
PCW Live-in/T1020,184,0,3,3,0.016304347826086956
PCW MAP Hourly/T1019:U1,18,0,0,0,0.0
PCW NSW HOURLY,403,0,0,0,0.0
PCW-Hourly,67,0,2,2,0.029850746268656716
PCW-LIVE-IN,62,0,0,0,0.0
PD,71,3,26,29,0.4084507042253521
PE Supervision,17,0,5,5,0.29411764705882354
PEDS,1251,0,67,67,0.053557154276578735
PEDS HHA HOURLY NON BILLABLE,252,1,5,6,0.023809523809523808
PERS,89,0,2,2,0.02247191011235955
PERSONAL CARE AIDE,1784,0,401,401,0.22477578475336324
PP 34 hrs less 2024,860,2,130,132,0.15348837209302327
PP 35 hrs over 2024,587,0,99,99,0.1686541737649063
PP Personal Care Aide Service,30,1,17,18,0.6
PP-HHA,59,0,11,11,0.1864406779661017
PPOC Revision,1,0,0,0,0.0
PRI,13,0,0,0,0.0
PRIVATE DUTY LPN,139,27,58,85,0.6115107913669064
PRIVATE DUTY RN,107,12,63,75,0.7009345794392523
PRIVATE PAY CARE,27,0,4,4,0.14814814814814814
PRN,10,0,0,0,0.0
PRN (NB),29,0,18,18,0.6206896551724138
PRN Assessment,49,36,0,36,0.7346938775510204
PRN NB,2,0,1,1,0.5
PRN/RN SUP VISIT,1,0,1,1,1.0
PRNV(NB),3,0,0,0,0.0
PT Assistant,20,0,5,5,0.25
PT Visit,10,0,1,1,0.1
Paid Time Off,119,1,10,11,0.09243697478991597
Paraprofessional Supervision,7,0,0,0,0.0
Pay No Bill,6,0,0,0,0.0
Payroll,76,0,4,4,0.05263157894736842
Pca,24,12,1,13,0.5416666666666666
PedCode95,8410,12,778,790,0.093935790725327
Pediatric,5200,32,511,543,0.10442307692307692
Pediatric Personal Care 2,40,0,0,0,0.0
Peer Support,1647,1,475,476,0.28901032179720704
Personal Assistance,250,0,50,50,0.2
Personal Assistance HHAX,1523,0,454,454,0.2980958634274458
Personal Assistant CDPAP,1,0,1,1,1.0
Personal Care,11037,19,629,648,0.05871160641478663
Personal Care 1,269,0,73,73,0.27137546468401486
Personal Care 1 PVT,16,0,0,0,0.0
Personal Care 2,9,0,2,2,0.2222222222222222
Personal Care 2 PVT,11,0,3,3,0.2727272727272727
Personal Care 3,29,0,1,1,0.034482758620689655
Personal Care Aid Level 2,6613,23,170,193,0.0291849387569938
Personal Care Aide,2335,39,327,366,0.15674518201284796
Personal Care Aide (PCA) Mutual T1019U2,14,0,14,14,1.0
Personal Care Aide (PCA) T1019U1,2631,26,467,493,0.18738122386925124
Personal Care Aide Level 2,84,0,0,0,0.0
Personal Care Aide Serv,1016,3,223,226,0.22244094488188976
Personal Care Assis PVT,20,0,9,9,0.45
Personal Care Assistant,2334,3,291,294,0.12596401028277635
Personal Care Attendant,401,26,57,83,0.20698254364089774
Personal Care HM,2741,33,697,730,0.2663261583363736
Personal Care L2 MAP T1019:U1,107,0,0,0,0.0
Personal Care Level 2/T1019:U1,620,27,39,66,0.1064516129032258
Personal Care Serv Mid,177,0,74,74,0.4180790960451977
Personal Care Service,1056,2,70,72,0.06818181818181818
Personal Care Services,41240,111,4400,4511,0.10938409311348206
Personal Care Services AM,477,0,111,111,0.23270440251572327
Personal Care Services PM,236,0,113,113,0.4788135593220339
Personal Care Staff EBD,11,0,0,0,0.0
Personal Care T1019,1,0,1,1,1.0
Personal Care Visit 1,161,0,4,4,0.024844720496894408
Personal Care Visit 2,21,0,0,0,0.0
Personal Care Worker,856,2,195,197,0.23014018691588786
Personal Support Special,788,4,256,260,0.3299492385786802
Phys Therapy Assistant,218,1,29,30,0.13761467889908258
Physical Therapy,1032,11,97,108,0.10465116279069768
Physical Therapy HHA,27,0,1,1,0.037037037037037035
PreVocational  Services,394,0,25,25,0.06345177664974619
Private Care Recert,60,0,5,5,0.08333333333333333
Private Duty Aide Hourly,1240,3,63,66,0.0532258064516129
Private Duty Aide Hourly HOL,15,0,0,0,0.0
Private Duty Aide Hourly Over40,36,0,1,1,0.027777777777777776
Private Duty LPN SAM,12,0,12,12,1.0
Private Duty RN Sam,2,0,2,2,1.0
Private Duty Transport Hourly,97,1,18,19,0.1958762886597938
Private Hourly,247,0,24,24,0.09716599190283401
Private New-PCA,164,2,29,31,0.18902439024390244
Private Pay 27,1,0,0,0,0.0
Private Pay 28.5,129,0,19,19,0.14728682170542637
Private Pay 29,69,0,4,4,0.057971014492753624
Private Pay 30,394,13,33,46,0.116751269035533
Private Pay 32,316,7,145,152,0.4810126582278481
Private Pay 33.5,126,0,0,0,0.0
Private Pay RN,5,3,0,3,0.6
Private pay 31,69,0,0,0,0.0
Private pay 32,28,0,1,1,0.03571428571428571
Private pay 33,71,0,0,0,0.0
Private pay 34,48,0,16,16,0.3333333333333333
PrivatePay Service,69,0,30,30,0.43478260869565216
PrivatePay30,71,0,11,11,0.15492957746478872
PrivatePay32,81,0,30,30,0.37037037037037035
PrivatePay33,110,0,4,4,0.03636363636363636
PrivatePay34,2,0,0,0,0.0
Program Coordinator,1,0,0,0,0.0
Program Management,33,0,6,6,0.18181818181818182
Prsnal Care Svcs Per Diem,5916,16,269,285,0.048174442190669374
Queens  HCSS New,1436,0,18,18,0.012534818941504178
Queens NHTD,11601,75,362,437,0.037669166451168
Queens TBI,1136,7,20,27,0.023767605633802816
R2,2204,14,119,133,0.0603448275862069
R3,109,0,6,6,0.05504587155963303
RA Training,3,0,0,0,0.0
REAV(NB),87,0,16,16,0.1839080459770115
RECOVERY ASSISTANCE AGENC,1507,4,290,294,0.19508958195089582
RN,538,0,203,203,0.37732342007434944
RN - Initial Visit,22,3,19,22,1.0
RN ASSES,9,0,9,9,1.0
RN Annual Assessment,12,0,0,0,0.0
RN Assessment,12,0,0,0,0.0
RN Cancellation Fee,1,0,1,1,1.0
RN Care Plan,1,0,0,0,0.0
RN HOURLY-HOLIDAY,16,0,0,0,0.0
RN Home Health Admit,24,0,3,3,0.125
RN Home Health Recert,40,1,13,14,0.35
RN Hourly,1108,3,130,133,0.12003610108303249
RN Hourly Non-Billable,1,0,0,0,0.0
RN Hourly Pediatric,8,0,0,0,0.0
RN Hourly S9123,96,0,3,3,0.03125
RN INITIAL,9,0,0,0,0.0
RN INITIAL - NON BILLABLE,10,0,2,2,0.2
RN INITIAL VISIT,3,0,3,3,1.0
RN INITIAL-NON BILLABLE,5,0,1,1,0.2
RN In Field Supervision,3,0,0,0,0.0
RN Inital Visit,27,0,0,0,0.0
RN Initial,20,0,1,1,0.05
RN Initial (NB),6,0,6,6,1.0
RN Initial - Non Billable,19,0,5,5,0.2631578947368421
RN Initial Assement,22,2,20,22,1.0
RN Initial Assessment,26,11,4,15,0.5769230769230769
RN Initial Visit,13,0,13,13,1.0
RN NON BILLABLE HOURLY,79,0,0,0,0.0
RN Non Billable,14,0,1,1,0.07142857142857142
RN PCS Supervisory Visit,1,0,0,0,0.0
RN PRI Visit,1,0,0,0,0.0
RN REASSESMENT - NON BILLABLE,1,0,0,0,0.0
RN REASSESSMENT,26,0,0,0,0.0
RN Re-Assessment,11,3,8,11,1.0
RN Reassesment,35,0,3,3,0.08571428571428572
RN Reassesment - Non Billable,32,0,3,3,0.09375
RN Reassesment-Non Billable,4,0,0,0,0.0
RN Reassessment,50,0,11,11,0.22
RN Reassessment (NB),5,3,2,5,1.0
RN Recertification,66,46,3,49,0.7424242424242424
RN Resumption of Care,1,0,0,0,0.0
RN Revisit,1,0,1,1,1.0
RN S9123,27,5,7,12,0.4444444444444444
RN SUP,3,0,3,3,1.0
RN SUP NB,119,0,44,44,0.3697478991596639
RN Supervision,29,1,26,27,0.9310344827586207
RN Supervisory Visit,243,1,3,4,0.01646090534979424
RN T1030,1,0,0,0,0.0
RN UAS,2,0,0,0,0.0
RN UAS Assessment,1,0,0,0,0.0
RN Unbillable,14,0,1,1,0.07142857142857142
RN VISIT (NB),54,0,3,3,0.05555555555555555
RN VISIT n,3,0,0,0,0.0
RN Visit,283,0,76,76,0.26855123674911663
RN Visit - Non-pay,231,0,1,1,0.004329004329004329
RN Visit 9799 (Hourly),2,0,2,2,1.0
RN Visit Mutual,5,0,0,0,0.0
RN Visit Private,9,0,0,0,0.0
RN Visit SPoC,684,0,0,0,0.0
RN initial visit,20,0,20,20,1.0
RN re-visit,1,0,1,1,1.0
RN visit,9,0,0,0,0.0
RN-HOURLY,223,0,1,1,0.004484304932735426
RN-High Tech,6,0,2,2,0.3333333333333333
RN-Hourly HCSS 9799 Queens,4,0,0,0,0.0
RN-I-ASS,1,0,0,0,0.0
RN-I-ASS 2742,5,0,2,2,0.4
RN-I-ASS G0162,66,0,15,15,0.22727272727272727
RN-I-ASS NB,142,0,23,23,0.1619718309859155
RN-I-ASS T1001,41,1,9,10,0.24390243902439024
RN-I-ASS T1030,5,0,2,2,0.4
RN-I-ASS-NB,4,0,0,0,0.0
RN-IR-ASS NB,2,0,0,0,0.0
RN-Initial Visit,18,0,0,0,0.0
RN-R-ASS G0162,79,0,12,12,0.1518987341772152
RN-R-ASS NB,468,0,113,113,0.24145299145299146
RN-R-ASS T1001,66,0,17,17,0.25757575757575757
RN-VISIT,64,0,2,2,0.03125
RN/LPN Supervision,4,0,0,0,0.0
RNAPC,21,0,9,9,0.42857142857142855
RNGHE,41,0,20,20,0.4878048780487805
RNI RN Initial Visit,4,0,4,4,1.0
RNP RN Post Hospitalization - Recert,1,0,1,1,1.0
RNR  RN Recert Visit,1,0,1,1,1.0
RNR RN Recert Visit,11,2,9,11,1.0
RNR RN Revisit,2,0,2,2,1.0
RNS RN Supervisory Visit,1,1,0,1,1.0
RNSUP 2742,9,0,4,4,0.4444444444444444
RNSUP NB,84,0,19,19,0.2261904761904762
RN_TEAM MEETING,5,0,0,0,0.0
RSPO Respite,5,0,0,0,0.0
Rate 1,65,1,17,18,0.27692307692307694
Rate 1 | Bronx,75,0,4,4,0.05333333333333334
Rate0,165,10,33,43,0.2606060606060606
Rate1,22706,150,2966,3116,0.13723244957280015
Rate2,1771,0,191,191,0.10784867306606437
Rate3,16449,149,2799,2948,0.1792206213143656
Rate4,143,7,25,32,0.22377622377622378
Rate4HMO,198,12,80,92,0.46464646464646464
ReAssessment Unbillable,77,0,0,0,0.0
Reassesment Non Billable,59,0,9,9,0.15254237288135594
Reassessment,13,0,4,4,0.3076923076923077
Reassessment (NB),344,0,44,44,0.12790697674418605
Reassessment Non Billable,1,0,1,1,1.0
Reassessment Unbillable,2,0,0,0,0.0
Reassessment Visit,213,0,31,31,0.14553990610328638
Reassessment(NB),58,0,0,0,0.0
Recert,16,0,5,5,0.3125
Recertification,21,10,2,12,0.5714285714285714
Recertification Assessment,1,0,0,0,0.0
Recover Assist Individual,1,0,0,0,0.0
Recovery Assistant,2057,0,108,108,0.05250364608653379
Recovery Assistant II,689,0,17,17,0.02467343976777939
Recovery Assistant PVT,133,0,0,0,0.0
Recreation Assistant,1017,3,37,40,0.03933136676499508
Registered Dietitian Nutr,329,0,27,27,0.08206686930091185
Registered Nurse,759,21,1,22,0.028985507246376812
Registered Nurse HHA,15,0,7,7,0.4666666666666667
Registered Nurse Unit,600,0,27,27,0.045
Registered Nursing,140,1,7,8,0.05714285714285714
Relative Personal Care,772,0,19,19,0.02461139896373057
Relative Personal Care 1,3,0,3,3,1.0
Resident Habilt Serv 10,48,0,0,0,0.0
Resident Habilt Serv 20,87,0,2,2,0.022988505747126436
Respite,356,0,20,20,0.056179775280898875
Respite Care,1576,0,32,32,0.02030456852791878
Respite Care Hourly,306,0,13,13,0.042483660130718956
Respite Day Care,15,0,0,0,0.0
Respite Service,7,0,0,0,0.0
Richmond HCSS New,417,0,0,0,0.0
Rn initial assement,1,0,1,1,1.0
Rn initial assesment non billable,2,1,1,2,1.0
Rn re-assessment,9,3,6,9,1.0
Rn re-assessment non billable,1,1,0,1,1.0
S5102 New,58,41,17,58,1.0
S5105,766,728,38,766,1.0
S5125,2875,40,457,497,0.1728695652173913
S5125 - HHA,99,0,29,29,0.29292929292929293
S5125 Attendant Care,236,0,7,7,0.029661016949152543
S5125 BX,9,0,0,0,0.0
S5125 QNS,57,0,0,0,0.0
S5125 SUF,61,0,0,0,0.0
S5125 Senior Life,573,2,0,2,0.0034904013961605585
S5125:U3,906,58,183,241,0.26600441501103755
S5125:U3:U7,388,22,38,60,0.15463917525773196
S5125:U4,42,0,4,4,0.09523809523809523
S5125:U5,2974,133,463,596,0.2004034969737727
S5125:U5:SHP,3,0,0,0,0.0
S5125U2,126,1,0,1,0.007936507936507936
S5125U2 QNS,5,0,0,0,0.0
S5126 MAP,62,0,0,0,0.0
S5126 QNS,71,0,0,0,0.0
S5126 Senior Life,249,0,1,1,0.004016064257028112
S5130,203,0,3,3,0.014778325123152709
S5130 U1,14,0,0,0,0.0
S5130 U1 DO NOT USE,1,0,1,1,1.0
S5130 U1 HMK,117,1,24,25,0.21367521367521367
S5130:U1,648,2,143,145,0.22376543209876543
S5130:U1:MCD,111,3,29,32,0.2882882882882883
S5130:U3:TV:SHP,1,0,0,0,0.0
S5130U1,150,0,25,25,0.16666666666666666
S5130U1 - Homemaker,163,0,8,8,0.049079754601226995
S5130U1 BX,12,0,0,0,0.0
S5130U2 NYC,1,0,1,1,1.0
S5130U2 QNS,2,0,2,2,1.0
S5135,19,0,0,0,0.0
S5150 Respite,4,0,1,1,0.25
S9122,319,0,61,61,0.19122257053291536
S9122 BX,180,0,2,2,0.011111111111111112
S9122 HHA,18,0,0,0,0.0
S9122 Home Health Aide hourly,12,0,6,6,0.5
S9122 K,381,0,3,3,0.007874015748031496
S9122 NAS,2,0,1,1,0.5
S9122 NYC,385,0,20,20,0.05194805194805195
S9122 QNS,233,0,6,6,0.02575107296137339
S9122 WES,151,0,12,12,0.07947019867549669
S9123,398,9,55,64,0.16080402010050251
S9123 RN Assessment,3,0,0,0,0.0
S9123 RN Reassessment,4,0,0,0,0.0
S9123 RN VISIT,19,10,1,11,0.5789473684210527
S9123:U2:MCD,4,0,0,0,0.0
S9123:U2:SHP,1,0,0,0,0.0
S9123:U2:SHP 2024,1,1,0,1,1.0
S9124,873,19,50,69,0.07903780068728522
S9124 LPN,51,0,0,0,0.0
S9127 MSW VISIT,106,0,2,2,0.018867924528301886
SAMBA BILLABLE SERVICE,1,0,0,0,0.0
SH Successful,25,0,0,0,0.0
SH Unbillable,15,0,15,15,1.0
SH Unsuccessful,147,0,0,0,0.0
SHCHM,40,0,22,22,0.55
SHCPCHM,80,0,24,24,0.3
SKILLED NURSING S9123,18,3,5,8,0.4444444444444444
SLPC,159,1,21,22,0.13836477987421383
SLRN,24,0,12,12,0.5
SLS Lvl 2 Supported Commu,6,0,1,1,0.16666666666666666
SLS Mentorship,2,0,0,0,0.0
SLS Mlg Band 3 Non-Medica,1,0,0,0,0.0
SLS PCP,19,0,0,0,0.0
SN Visit Aide Supervision,5,0,5,5,1.0
SOC,1,0,0,0,0.0
SOC Assessment,3,0,0,0,0.0
SOC Assessment (unbillable),14,0,5,5,0.35714285714285715
SOC Assmt (Billable),1,0,0,0,0.0
SOC Assmt (Unbillable),111,0,21,21,0.1891891891891892
SOC Visit,55,0,14,14,0.2545454545454545
SP RN Hourly,19,0,15,15,0.7894736842105263
SUPER,2,0,0,0,0.0
SUPV(NB),8,0,3,3,0.375
School,65,0,0,0,0.0
Selfpay,8,0,1,1,0.125
Skill Nursing,92,0,0,0,0.0
Skilled Nurse,176,0,150,150,0.8522727272727273
Skilled Nursing,181,1,16,17,0.09392265193370165
Skilled Nursing HHA,37,0,0,0,0.0
Skilled Nursing Medicare,1,0,1,1,1.0
Speech Language Pathology,150,0,123,123,0.82
Speech Therapy,118,2,4,6,0.05084745762711865
Staff Meeting,8,0,0,0,0.0
Standard,8,0,2,2,0.25
Staten Island TBI,202,0,0,0,0.0
Staten Island nhtd,266,0,0,0,0.0
Structured Family 2,12,0,0,0,0.0
Structured Family 3,7,0,0,0,0.0
Supervision(NB),36,0,1,1,0.027777777777777776
Supervisory Visit,21,0,0,0,0.0
Supported Employment,1773,0,101,101,0.05696559503666103
Supportive Care,148,0,2,2,0.013513513513513514
Supportive HHA,434,0,56,56,0.12903225806451613
Supportive Home Care,608,0,155,155,0.25493421052631576
Supportive Services,79,1,14,15,0.189873417721519
T1001,42,4,3,7,0.16666666666666666
T1001 - INITIAL ASSESSMENT,10,1,0,1,0.1
T1001 - Initial Assessment,4,0,0,0,0.0
T1001 - REASSESSMENT,111,3,0,3,0.02702702702702703
T1001 NAS,3,0,0,0,0.0
T1001- Initial Assess,1,0,0,0,0.0
T1001- RN Initial Assess,1,0,0,0,0.0
T1001- RN REASSESSMENT,4,0,0,0,0.0
T1001-Reassess,50,3,0,3,0.06
T1002,14,1,7,8,0.5714285714285714
T1002:U2:XU,2,0,0,0,0.0
T1002:XU,435,19,156,175,0.40229885057471265
T1002TG High Acuity,20,0,0,0,0.0
T1003 Basic/Standard,16,4,10,14,0.875
T1003 LPN,99,4,39,43,0.43434343434343436
T1003:GA,207,7,39,46,0.2222222222222222
T1003:GK,243,7,63,70,0.2880658436213992
T1003SE,63,0,0,0,0.0
T1003TG High Acuity,78,1,25,26,0.3333333333333333
T1004,130,0,0,0,0.0
T1005:U3,74,0,6,6,0.08108108108108109
T1019,3820,44,696,740,0.193717277486911
T1019 - U1,179,11,44,55,0.30726256983240224
T1019 Brooklyn,22,0,22,22,1.0
T1019 Duty Free 10hrs Schedule (code 2595),63,0,0,0,0.0
T1019 Duty Free 11hrs Schedule (code 2595),1,0,0,0,0.0
T1019 Duty Free 12hrs Schedule (code 2595),252,0,4,4,0.015873015873015872
T1019 Duty Free 8hrs Schedule (code 2595),62,0,1,1,0.016129032258064516
T1019 Duty Free 9hrs Schedule (code 2595),45,0,0,0,0.0
T1019 LI,8,0,2,2,0.25
T1019 MUTUAL (RATE CODE:2596),241,0,35,35,0.14522821576763487
T1019 PCA,32,0,1,1,0.03125
T1019 PCA HRLY,1,0,1,1,1.0
T1019 PCA HRLY Mutual NB Overlap,1,0,0,0,0.0
T1019 Personal Care,113,0,3,3,0.02654867256637168
T1019 TT,48,0,0,0,0.0
T1019 TU,23,0,0,0,0.0
T1019 TU Nassau,2,0,0,0,0.0
T1019 TV,1158,104,48,152,0.13126079447322972
T1019 U1,57112,464,4521,4985,0.08728463370219919
T1019 U1 (SOMOS),748,12,98,110,0.14705882352941177
T1019 U1 MAP,6073,105,362,467,0.07689774411328833
T1019 U1 NA,45,0,0,0,0.0
T1019 U1 Nassau,527,1,28,29,0.05502846299810247
T1019 U1 TV,826,2,131,133,0.16101694915254236
T1019 U2,164,0,29,29,0.17682926829268292
T1019 U2 MAP,36,0,0,0,0.0
T1019 U2 TV,10,0,6,6,0.6
T1019(RATE CODE:2595),4986,156,248,404,0.08102687525070197
T1019:TT,1,0,0,0,0.0
T1019:TV,680,1,57,58,0.08529411764705883
T1019:TV:U1,583,0,73,73,0.12521440823327615
T1019:TV:U2,4,0,4,4,1.0
T1019:U1,535174,3988,42497,46485,0.08685960080272959
T1019:U1 (MAP),7895,2,172,174,0.022039265357821407
T1019:U1 (N-S-W),5,0,0,0,0.0
T1019:U1 DUAL,6,0,0,0,0.0
T1019:U1 MAP,7331,17,491,508,0.0692947756104215
T1019:U1 MLTC,17657,76,1244,1320,0.07475788639066659
T1019:U1 MLTC SCA,56,0,0,0,0.0
T1019:U1 NSW,60,0,14,14,0.23333333333333334
T1019:U1 PCA Level II,3447,0,208,208,0.06034232666086452
T1019:U1 PCA Level II 1/4Hr,71,0,0,0,0.0
T1019:U1:,10,0,0,0,0.0
T1019:U1:CC,34526,107,3602,3709,0.10742628743555581
T1019:U1:MCD,23563,161,2463,2624,0.11136103212663923
T1019:U1:SHP,10649,55,912,967,0.09080664851159734
T1019:U1:TU,2,0,1,1,0.5
T1019:U1:TV,1001,0,108,108,0.10789210789210789
T1019:U1:TV:MCD,2,0,2,2,1.0
T1019:U2,8150,37,367,404,0.049570552147239266
T1019:U2 (MAP),272,0,0,0,0.0
T1019:U2 MLTC,124,0,0,0,0.0
T1019:U2:CC,580,13,101,114,0.19655172413793104
T1019:U2:CC 2024,188,0,0,0,0.0
T1019:U2:MCD,134,0,0,0,0.0
T1019:U2:SHP 2024,12,0,0,0,0.0
T1019:U3,2852,12,151,163,0.057152875175315566
T1019:U4:CC,74,5,3,8,0.10810810810810811
T1019U1,383,0,31,31,0.08093994778067885
T1019U1 - PCA,7382,0,400,400,0.0541858574911948
T1019U1 ACF PCA HRLY,145,0,2,2,0.013793103448275862
T1019U1 ALB,4313,45,778,823,0.190818455831208
T1019U1 ALB MAP,44,0,2,2,0.045454545454545456
T1019U1 BX,52627,732,4369,5101,0.09692743268664374
T1019U1 BX MAP,6814,51,422,473,0.06941590842383329
T1019U1 DUT,1403,25,248,273,0.1945830363506771
T1019U1 DUT MAP,1,0,1,1,1.0
T1019U1 K,49337,49,4044,4093,0.08296005026653425
T1019U1 K MAP,10442,19,152,171,0.016376173146906724
T1019U1 MAP,80,8,5,13,0.1625
T1019U1 MGY,111,0,30,30,0.2702702702702703
T1019U1 NAS,12906,57,1672,1729,0.133968696730203
T1019U1 NAS MAP,87,0,3,3,0.034482758620689655
T1019U1 NYC,53626,107,4484,4591,0.08561145712900459
T1019U1 NYC MAP,2829,16,205,221,0.07811947684694238
T1019U1 ORA,1578,16,336,352,0.22306717363751585
T1019U1 PCA HRLY,74713,192,3228,3420,0.04577516630305302
T1019U1 PCA HRLY NY,1475,8,182,190,0.1288135593220339
T1019U1 QNS,46089,18,3448,3466,0.07520232593460478
T1019U1 QNS MAP,5008,9,152,161,0.03214856230031949
T1019U1 REN,1290,15,307,322,0.2496124031007752
T1019U1 RKL,850,54,183,237,0.2788235294117647
T1019U1 SAR,717,5,112,117,0.16317991631799164
T1019U1 SCH,3253,17,516,533,0.16384875499538887
T1019U1 SI,10120,3,1139,1142,0.11284584980237154
T1019U1 SI MAP,822,0,23,23,0.027980535279805353
T1019U1 SUF,2761,6,375,381,0.13799348062296268
T1019U1 SUF MAP,122,0,1,1,0.00819672131147541
T1019U1 SUL,281,0,23,23,0.08185053380782918
T1019U1 SUL MAP,27,0,3,3,0.1111111111111111
T1019U1 ULS,183,0,47,47,0.2568306010928962
T1019U1 WES,10846,178,1791,1969,0.1815415821501014
T1019U1 WES MAP,124,0,0,0,0.0
T1019U2 ALB,128,0,0,0,0.0
T1019U2 BX,1145,54,40,94,0.08209606986899563
T1019U2 BX MAP,224,0,5,5,0.022321428571428572
T1019U2 K,1764,1,104,105,0.05952380952380952
T1019U2 K MAP,401,0,4,4,0.00997506234413965
T1019U2 NAS,510,0,64,64,0.12549019607843137
T1019U2 NAS MAP,76,0,5,5,0.06578947368421052
T1019U2 NYC,1750,0,72,72,0.04114285714285714
T1019U2 NYC MAP,233,0,2,2,0.008583690987124463
T1019U2 PCA HRLY M,3925,2,143,145,0.03694267515923567
T1019U2 QNS,2389,0,90,90,0.037672666387609875
T1019U2 QNS MAP,372,0,0,0,0.0
T1019U2 RKL,35,0,26,26,0.7428571428571429
T1019U2 SCH,126,0,2,2,0.015873015873015872
T1019U2 SI,759,0,44,44,0.057971014492753624
T1019U2 SUF,93,0,12,12,0.12903225806451613
T1019U2 WES,148,0,28,28,0.1891891891891892
T1019U4 ACF PCA HRLY,39,0,31,31,0.7948717948717948
T1019U4 PCA HRLY,4424,29,445,474,0.10714285714285714
T1019U4 PCA HRLY LI,226,17,48,65,0.28761061946902655
T1019U5 PCA HRLY,584,0,2,2,0.003424657534246575
T1020,19040,106,1300,1406,0.07384453781512605
T1020 - PCA Live-in,213,0,0,0,0.0
T1020 ALB,28,0,26,26,0.9285714285714286
T1020 BX,1208,65,34,99,0.08195364238410596
T1020 BX MAP,203,3,17,20,0.09852216748768473
T1020 K,2665,5,156,161,0.060412757973733584
T1020 K MAP,66,0,0,0,0.0
T1020 Live In,361,0,36,36,0.0997229916897507
T1020 MAP,178,0,22,22,0.12359550561797752
T1020 MLTC,62,0,0,0,0.0
T1020 NAS,625,0,1,1,0.0016
T1020 NAS MAP,27,0,0,0,0.0
T1020 NYC,1674,0,108,108,0.06451612903225806
T1020 Nassau,62,0,0,0,0.0
T1020 ORA,64,0,0,0,0.0
T1020 PCA LI,4432,12,228,240,0.05415162454873646
T1020 PCA Live-In LI,17,0,0,0,0.0
T1020 PCA Live-In NYC,5,5,0,5,1.0
T1020 QNS,2399,0,145,145,0.060441850771154645
T1020 QNS MAP,247,0,1,1,0.004048582995951417
T1020 SAR,2,0,2,2,1.0
T1020 SI,186,0,0,0,0.0
T1020 SUF,319,1,6,7,0.0219435736677116
T1020 TV,82,0,3,3,0.036585365853658534
T1020 ULS,62,0,0,0,0.0
T1020 WES,427,0,31,31,0.07259953161592506
T1020(RATE CODE:2595),1447,18,34,52,0.0359364201796821
T1020:CC,494,0,14,14,0.02834008097165992
T1020:MCD,372,0,33,33,0.08870967741935484
T1020:SHP,283,6,0,6,0.02120141342756184
T1020:TV,99,0,1,1,0.010101010101010102
T1020:U2,310,0,60,60,0.1935483870967742
T1020:U2 PCA LI M,372,0,0,0,0.0
T1020U2 K,5,0,5,5,1.0
T1020U2 NYC,2,0,2,2,1.0
T1020U2 SI,54,0,0,0,0.0
T1020U2 WES,5,0,2,2,0.4
T1020U4 PCA LI,252,0,27,27,0.10714285714285714
T1023 PRI,6,0,1,1,0.16666666666666666
T1030,109,0,1,1,0.009174311926605505
T2003,81,81,0,81,1.0
T2017:U3:U7,82,0,23,23,0.2804878048780488
T2024 - PT STAT CHANGE VISIT,8,0,0,0,0.0
T2024 - SUPRVSRY,58,0,1,1,0.017241379310344827
T2024 RN UAS A/E,911,0,1,1,0.0010976948408342481
T2024- Pt Stat Chng,3,0,0,0,0.0
T2024- Suoervisory,2,0,0,0,0.0
T2024- Suprvsry,23,0,0,0,0.0
T2024-Suprvsry,4,0,0,0,0.0
T2024-UAS Reassessment,1,0,0,0,0.0
TRAVEL DFTA,1,1,0,1,1.0
TT NB,1,0,1,1,1.0
Team Meeting,33,33,0,33,1.0
Test Visit,2,0,0,0,0.0
Training,69,0,12,12,0.17391304347826086
Transitional RA,1,0,0,0,0.0
Travel,62,0,0,0,0.0
Travel Time,50,0,0,0,0.0
Travel Time NB,4,0,4,4,1.0
UC Care Management,56,0,1,1,0.017857142857142856
Unbillable MLTC SOC Assmt,8,0,1,1,0.125
Unpaid Time Off,20,0,20,20,1.0
VA Assessment Sup Visit,3,0,0,0,0.0
VA HMK Home Health Aid,11,0,1,1,0.09090909090909091
VAHHA,115,0,23,23,0.2
VAPC,81,0,0,0,0.0
VAR2,45,0,0,0,0.0
VISIT,45,0,1,1,0.022222222222222223
Vocational Service PVT,48,0,1,1,0.020833333333333332
Vocational Therapy,1179,1,98,99,0.08396946564885496
W1011,2,0,2,2,1.0
W1793,115892,351,7034,7385,0.06372312152693888
WPC,45,0,0,0,0.0
WS Vocational,94,0,2,2,0.02127659574468085
Weekend HHA LI Special(E.H.),17,0,0,0,0.0
hha non billable,65,0,0,0,0.0
hha wes S5125,76,0,17,17,0.2236842105263158
hhali wes S5126,64,0,0,0,0.0
new T1019U1,28,0,22,22,0.7857142857142857
pca,634,17,106,123,0.19400630914826497
pca $34,122,0,10,10,0.08196721311475409
pca 1/4 hr 2595,58,0,6,6,0.10344827586206896
pca 28,200,1,15,16,0.08
pca G0156,863,30,227,257,0.29779837775202783
pca RKL T1019:U1,782,60,117,177,0.22634271099744246
pca T1019:U1,15638,349,2910,3259,0.20840260902928764
pca extra hrs T1019:U1,13,0,0,0,0.0
pca john hancock $30,178,86,3,89,0.5
pca john hancock $35,201,1,81,82,0.4079601990049751
pca john hancock $38,6,0,0,0,0.0
pca lvl 1,96,0,13,13,0.13541666666666666
pca lvl 1 2601,258,17,75,92,0.35658914728682173
pca lvl 1 S5130:U1,92,12,22,34,0.3695652173913043
pca lvl 2,1797,10,248,258,0.14357262103505844
pca lvl 2 2622,2318,57,324,381,0.1643658326143227
pca lvl 2 T1019:U1,2636,46,554,600,0.2276176024279211
pca lvl 2 mutual 2502,20,0,6,6,0.3
pca lvl 2 others T1019:U1,132,2,110,112,0.8484848484848485
pca mutual T1019:U2,386,6,54,60,0.15544041450777202
pca mutual overlap T1019:U2,1,0,1,1,1.0
pcali $468,54,0,3,3,0.05555555555555555
pcali 2632,228,0,17,17,0.07456140350877193
pcali T1020,622,0,25,25,0.04019292604501608
private pay 36,62,0,0,0,0.0
private pay live in 416,62,0,0,0,0.0
tt nb,11,0,11,11,1.0
